<?xml version="1.0" encoding="UTF-8"?>
<GenRun Id="synth_1" LaunchPart="xc7a200tfbg676-2" LaunchTime="1770323146">
  <File Type="PA-TCL" Name="top_wrap.tcl"/>
  <File Type="RDS-PROPCONSTRS" Name="top_wrap_drc_synth.rpt"/>
  <File Type="REPORTS-TCL" Name="top_wrap_reports.tcl"/>
  <File Type="RDS-RDS" Name="top_wrap.vds"/>
  <File Type="RDS-UTIL" Name="top_wrap_utilization_synth.rpt"/>
  <File Type="RDS-UTIL-PB" Name="top_wrap_utilization_synth.pb"/>
  <File Type="RDS-DCP" Name="top_wrap.dcp"/>
  <File Type="VDS-TIMINGSUMMARY" Name="top_wrap_timing_summary_synth.rpt"/>
  <File Type="VDS-TIMING-PB" Name="top_wrap_timing_summary_synth.pb"/>
  <FileSet Name="sources" Type="DesignSrcs" RelSrcDir="$PSRCDIR/sources_1">
    <Filter Type="Srcs"/>
    <File Path="$PSRCDIR/sources_1/new/pipeline_register.sv">
      <FileInfo>
        <Attr Name="UsedIn" Val="synthesis"/>
        <Attr Name="UsedIn" Val="implementation"/>
        <Attr Name="UsedIn" Val="simulation"/>
      </FileInfo>
    </File>
    <File Path="$PSRCDIR/sources_1/new/top_wrap.v">
      <FileInfo>
        <Attr Name="UsedIn" Val="synthesis"/>
        <Attr Name="UsedIn" Val="implementation"/>
        <Attr Name="UsedIn" Val="simulation"/>
      </FileInfo>
    </File>
    <Config>
      <Option Name="DesignMode" Val="RTL"/>
      <Option Name="TopModule" Val="top_wrap"/>
      <Option Name="TopAutoSet" Val="TRUE"/>
    </Config>
  </FileSet>
  <FileSet Name="constrs_in" Type="Constrs" RelSrcDir="$PSRCDIR/constrs_1">
    <Filter Type="Constrs"/>
    <Config>
      <Option Name="ConstrsType" Val="XDC"/>
    </Config>
  </FileSet>
  <Strategy Version="1" Minor="2">
    <StratHandle Name="Vivado Synthesis Defaults" Flow="Vivado Synthesis 2017">
      <Desc>Vivado Synthesis Defaults</Desc>
    </StratHandle>
    <Step Id="synth_design"/>
  </Strategy>
</GenRun>
